run_id,run_datetime,solver,config,file,return_code,time,stdout,stderr
61d48886-89b0-40a8-acdf-ff2f2869e9ff,2024-08-04T18:40:56.793975,cvc5,--tlimit=30000 --sygus-enum=smart,problems/debugging/absolute.sl,0,0.006270408630371094,"(
(define-fun abs ((x Int)) Int 1)
)
",
61d48886-89b0-40a8-acdf-ff2f2869e9ff,2024-08-04T18:40:56.793975,cvc5,--tlimit=30000 --sygus-enum=random,problems/debugging/absolute.sl,0,0.005833148956298828,"(
(define-fun abs ((x Int)) Int x)
)
",
61d48886-89b0-40a8-acdf-ff2f2869e9ff,2024-08-04T18:40:56.793975,cvc5,--tlimit=30000 --sygus-enum=fast,problems/debugging/absolute.sl,0,0.004762411117553711,"(
(define-fun abs ((x Int)) Int x)
)
",
61d48886-89b0-40a8-acdf-ff2f2869e9ff,2024-08-04T18:40:56.793975,cvc5,--tlimit=30000 --sygus-enum=var-agnostic,problems/debugging/absolute.sl,0,0.005266904830932617,"(
(define-fun abs ((x Int)) Int 1)
)
",
61d48886-89b0-40a8-acdf-ff2f2869e9ff,2024-08-04T18:40:56.793975,cvc5,--tlimit=30000 --sygus-enum=smart --sygus-si=none,problems/debugging/absolute.sl,0,0.0045702457427978516,"(
(define-fun abs ((x Int)) Int 1)
)
",
61d48886-89b0-40a8-acdf-ff2f2869e9ff,2024-08-04T18:40:56.793975,cvc5,--tlimit=30000 --sygus-enum=smart --sygus-si=use,problems/debugging/absolute.sl,0,0.004481077194213867,"(
(define-fun abs ((x Int)) Int 1)
)
",
61d48886-89b0-40a8-acdf-ff2f2869e9ff,2024-08-04T18:40:56.793975,cvc5,--tlimit=30000 --sygus-enum=smart --sygus-si=all,problems/debugging/absolute.sl,0,0.006836652755737305,"(
(define-fun abs ((x Int)) Int 1)
)
",
61d48886-89b0-40a8-acdf-ff2f2869e9ff,2024-08-04T18:40:56.793975,cvc5,--tlimit=30000 --sygus-enum=smart --sygus-rr-synth=true,problems/debugging/absolute.sl,1,0.003785371780395508,,"(error ""Error in option parsing: can't understand option `--sygus-rr-synth=true'

Did you mean any of these?
        --sygus-rr-synth-accel
        --sygus-rr-synth-check
        --sygus-rr-synth-filter-cong
        --sygus-rr-synth-filter-match
        --sygus-rr-synth-filter-nl
        --sygus-rr-synth-filter-order
        --sygus-rr-synth-input-nvars
        --sygus-rr-synth-rec"")

Please use --help to get help on command-line options.
"
61d48886-89b0-40a8-acdf-ff2f2869e9ff,2024-08-04T18:40:56.793975,cvc5,--tlimit=30000 --sygus-enum=smart --sygus-abort-size=10,problems/debugging/absolute.sl,0,0.005808353424072266,"(
(define-fun abs ((x Int)) Int 1)
)
",
61d48886-89b0-40a8-acdf-ff2f2869e9ff,2024-08-04T18:40:56.793975,cvc5,--tlimit=30000 --sygus-enum=smart --sygus-abort-size=20,problems/debugging/absolute.sl,0,0.011978387832641602,"(
(define-fun abs ((x Int)) Int 1)
)
",
61d48886-89b0-40a8-acdf-ff2f2869e9ff,2024-08-04T18:40:56.793975,cvc5,--tlimit=30000 --sygus-enum=smart --sygus-grammar-cons=simple,problems/debugging/absolute.sl,0,0.02393054962158203,"(
(define-fun abs ((x Int)) Int 1)
)
",
61d48886-89b0-40a8-acdf-ff2f2869e9ff,2024-08-04T18:40:56.793975,cvc5,--tlimit=30000 --sygus-enum=smart --sygus-grammar-cons=any-term,problems/debugging/absolute.sl,0,0.023702144622802734,"(
(define-fun abs ((x Int)) Int 0)
)
",
61d48886-89b0-40a8-acdf-ff2f2869e9ff,2024-08-04T18:40:56.793975,cvc5,--tlimit=30000 --sygus-enum=smart --sygus-fair=direct,problems/debugging/absolute.sl,0,0.009110689163208008,"(
(define-fun abs ((x Int)) Int 1)
)
",
61d48886-89b0-40a8-acdf-ff2f2869e9ff,2024-08-04T18:40:56.793975,cvc5,--tlimit=30000 --sygus-enum=smart --sygus-fair=dt-size-bound,problems/debugging/absolute.sl,0,0.014096498489379883,"(
(define-fun abs ((x Int)) Int 1)
)
",
61d48886-89b0-40a8-acdf-ff2f2869e9ff,2024-08-04T18:40:56.793975,cvc5,--tlimit=30000 --sygus-enum=smart --sygus-fair=none,problems/debugging/absolute.sl,0,0.005648612976074219,"(
(define-fun abs ((x Int)) Int 1)
)
",
61d48886-89b0-40a8-acdf-ff2f2869e9ff,2024-08-04T18:40:56.793975,cvc5,--tlimit=30000 --sygus-enum=smart,problems/debugging/four.sl,1,0.0024356842041015625,,"(error ""Parse Error: problems/debugging/four.sl:4.16: Expected a RPAREN_TOK, got `(` (LPAREN_TOK)."")
"
61d48886-89b0-40a8-acdf-ff2f2869e9ff,2024-08-04T18:40:56.793975,cvc5,--tlimit=30000 --sygus-enum=random,problems/debugging/four.sl,1,0.0032110214233398438,,"(error ""Parse Error: problems/debugging/four.sl:4.16: Expected a RPAREN_TOK, got `(` (LPAREN_TOK)."")
"
61d48886-89b0-40a8-acdf-ff2f2869e9ff,2024-08-04T18:40:56.793975,cvc5,--tlimit=30000 --sygus-enum=fast,problems/debugging/four.sl,1,0.0026001930236816406,,"(error ""Parse Error: problems/debugging/four.sl:4.16: Expected a RPAREN_TOK, got `(` (LPAREN_TOK)."")
"
61d48886-89b0-40a8-acdf-ff2f2869e9ff,2024-08-04T18:40:56.793975,cvc5,--tlimit=30000 --sygus-enum=var-agnostic,problems/debugging/four.sl,1,0.003793478012084961,,"(error ""Parse Error: problems/debugging/four.sl:4.16: Expected a RPAREN_TOK, got `(` (LPAREN_TOK)."")
"
61d48886-89b0-40a8-acdf-ff2f2869e9ff,2024-08-04T18:40:56.793975,cvc5,--tlimit=30000 --sygus-enum=smart --sygus-si=none,problems/debugging/four.sl,1,0.0049970149993896484,,"(error ""Parse Error: problems/debugging/four.sl:4.16: Expected a RPAREN_TOK, got `(` (LPAREN_TOK)."")
"
61d48886-89b0-40a8-acdf-ff2f2869e9ff,2024-08-04T18:40:56.793975,cvc5,--tlimit=30000 --sygus-enum=smart --sygus-si=use,problems/debugging/four.sl,1,0.0072405338287353516,,"(error ""Parse Error: problems/debugging/four.sl:4.16: Expected a RPAREN_TOK, got `(` (LPAREN_TOK)."")
"
61d48886-89b0-40a8-acdf-ff2f2869e9ff,2024-08-04T18:40:56.793975,cvc5,--tlimit=30000 --sygus-enum=smart --sygus-si=all,problems/debugging/four.sl,1,0.008610963821411133,,"(error ""Parse Error: problems/debugging/four.sl:4.16: Expected a RPAREN_TOK, got `(` (LPAREN_TOK)."")
"
61d48886-89b0-40a8-acdf-ff2f2869e9ff,2024-08-04T18:40:56.793975,cvc5,--tlimit=30000 --sygus-enum=smart --sygus-rr-synth=true,problems/debugging/four.sl,1,0.010816335678100586,,"(error ""Error in option parsing: can't understand option `--sygus-rr-synth=true'

Did you mean any of these?
        --sygus-rr-synth-accel
        --sygus-rr-synth-check
        --sygus-rr-synth-filter-cong
        --sygus-rr-synth-filter-match
        --sygus-rr-synth-filter-nl
        --sygus-rr-synth-filter-order
        --sygus-rr-synth-input-nvars
        --sygus-rr-synth-rec"")

Please use --help to get help on command-line options.
"
61d48886-89b0-40a8-acdf-ff2f2869e9ff,2024-08-04T18:40:56.793975,cvc5,--tlimit=30000 --sygus-enum=smart --sygus-abort-size=10,problems/debugging/four.sl,1,0.009069681167602539,,"(error ""Parse Error: problems/debugging/four.sl:4.16: Expected a RPAREN_TOK, got `(` (LPAREN_TOK)."")
"
61d48886-89b0-40a8-acdf-ff2f2869e9ff,2024-08-04T18:40:56.793975,cvc5,--tlimit=30000 --sygus-enum=smart --sygus-abort-size=20,problems/debugging/four.sl,1,0.013336658477783203,,"(error ""Parse Error: problems/debugging/four.sl:4.16: Expected a RPAREN_TOK, got `(` (LPAREN_TOK)."")
"
61d48886-89b0-40a8-acdf-ff2f2869e9ff,2024-08-04T18:40:56.793975,cvc5,--tlimit=30000 --sygus-enum=smart --sygus-grammar-cons=simple,problems/debugging/four.sl,1,0.015450477600097656,,"(error ""Parse Error: problems/debugging/four.sl:4.16: Expected a RPAREN_TOK, got `(` (LPAREN_TOK)."")
"
61d48886-89b0-40a8-acdf-ff2f2869e9ff,2024-08-04T18:40:56.793975,cvc5,--tlimit=30000 --sygus-enum=smart --sygus-grammar-cons=any-term,problems/debugging/four.sl,1,0.013426780700683594,,"(error ""Parse Error: problems/debugging/four.sl:4.16: Expected a RPAREN_TOK, got `(` (LPAREN_TOK)."")
"
61d48886-89b0-40a8-acdf-ff2f2869e9ff,2024-08-04T18:40:56.793975,cvc5,--tlimit=30000 --sygus-enum=smart --sygus-fair=direct,problems/debugging/four.sl,1,0.014577150344848633,,"(error ""Parse Error: problems/debugging/four.sl:4.16: Expected a RPAREN_TOK, got `(` (LPAREN_TOK)."")
"
61d48886-89b0-40a8-acdf-ff2f2869e9ff,2024-08-04T18:40:56.793975,cvc5,--tlimit=30000 --sygus-enum=smart --sygus-fair=dt-size-bound,problems/debugging/four.sl,1,0.01337122917175293,,"(error ""Parse Error: problems/debugging/four.sl:4.16: Expected a RPAREN_TOK, got `(` (LPAREN_TOK)."")
"
61d48886-89b0-40a8-acdf-ff2f2869e9ff,2024-08-04T18:40:56.793975,cvc5,--tlimit=30000 --sygus-enum=smart --sygus-fair=none,problems/debugging/four.sl,1,0.015136003494262695,,"(error ""Parse Error: problems/debugging/four.sl:4.16: Expected a RPAREN_TOK, got `(` (LPAREN_TOK)."")
"
c8d7feb6-1aa8-4ff9-83c0-0c63587c7355,2024-08-04T18:42:02.220493,cvc5,--tlimit=30000 --sygus-enum=smart,problems/debugging/absolute.sl,0,0.006137847900390625,"(
(define-fun abs ((x Int)) Int 1)
)
",
c8d7feb6-1aa8-4ff9-83c0-0c63587c7355,2024-08-04T18:42:02.220493,cvc5,--tlimit=30000 --sygus-enum=random,problems/debugging/absolute.sl,0,0.006746053695678711,"(
(define-fun abs ((x Int)) Int x)
)
",
c8d7feb6-1aa8-4ff9-83c0-0c63587c7355,2024-08-04T18:42:02.220493,cvc5,--tlimit=30000 --sygus-enum=fast,problems/debugging/absolute.sl,0,0.0056569576263427734,"(
(define-fun abs ((x Int)) Int x)
)
",
c8d7feb6-1aa8-4ff9-83c0-0c63587c7355,2024-08-04T18:42:02.220493,cvc5,--tlimit=30000 --sygus-enum=var-agnostic,problems/debugging/absolute.sl,0,0.009073495864868164,"(
(define-fun abs ((x Int)) Int 1)
)
",
c8d7feb6-1aa8-4ff9-83c0-0c63587c7355,2024-08-04T18:42:02.220493,cvc5,--tlimit=30000 --sygus-enum=smart --sygus-si=none,problems/debugging/absolute.sl,0,0.006551265716552734,"(
(define-fun abs ((x Int)) Int 1)
)
",
c8d7feb6-1aa8-4ff9-83c0-0c63587c7355,2024-08-04T18:42:02.220493,cvc5,--tlimit=30000 --sygus-enum=smart --sygus-si=use,problems/debugging/absolute.sl,0,0.007407665252685547,"(
(define-fun abs ((x Int)) Int 1)
)
",
c8d7feb6-1aa8-4ff9-83c0-0c63587c7355,2024-08-04T18:42:02.220493,cvc5,--tlimit=30000 --sygus-enum=smart --sygus-si=all,problems/debugging/absolute.sl,0,0.015138864517211914,"(
(define-fun abs ((x Int)) Int 1)
)
",
c8d7feb6-1aa8-4ff9-83c0-0c63587c7355,2024-08-04T18:42:02.220493,cvc5,--tlimit=30000 --sygus-enum=smart --sygus-rr-synth-input,problems/debugging/absolute.sl,1,0.008860588073730469,,"(error ""Error in option parsing: Argument 'problems/debugging/absolute.sl' for int64_t option sygus-rr-synth-input-nvars did not parse as int64_t"")

Please use --help to get help on command-line options.
"
c8d7feb6-1aa8-4ff9-83c0-0c63587c7355,2024-08-04T18:42:02.220493,cvc5,--tlimit=30000 --sygus-enum=smart --sygus-abort-size=10,problems/debugging/absolute.sl,0,0.02425837516784668,"(
(define-fun abs ((x Int)) Int 1)
)
",
c8d7feb6-1aa8-4ff9-83c0-0c63587c7355,2024-08-04T18:42:02.220493,cvc5,--tlimit=30000 --sygus-enum=smart --sygus-abort-size=20,problems/debugging/absolute.sl,0,0.01341867446899414,"(
(define-fun abs ((x Int)) Int 1)
)
",
c8d7feb6-1aa8-4ff9-83c0-0c63587c7355,2024-08-04T18:42:02.220493,cvc5,--tlimit=30000 --sygus-enum=smart --sygus-grammar-cons=simple,problems/debugging/absolute.sl,0,0.010527610778808594,"(
(define-fun abs ((x Int)) Int 1)
)
",
c8d7feb6-1aa8-4ff9-83c0-0c63587c7355,2024-08-04T18:42:02.220493,cvc5,--tlimit=30000 --sygus-enum=smart --sygus-grammar-cons=any-term,problems/debugging/absolute.sl,0,0.01451253890991211,"(
(define-fun abs ((x Int)) Int 0)
)
",
c8d7feb6-1aa8-4ff9-83c0-0c63587c7355,2024-08-04T18:42:02.220493,cvc5,--tlimit=30000 --sygus-enum=smart --sygus-fair=direct,problems/debugging/absolute.sl,0,0.00545191764831543,"(
(define-fun abs ((x Int)) Int 1)
)
",
c8d7feb6-1aa8-4ff9-83c0-0c63587c7355,2024-08-04T18:42:02.220493,cvc5,--tlimit=30000 --sygus-enum=smart --sygus-fair=dt-size-bound,problems/debugging/absolute.sl,0,0.01136469841003418,"(
(define-fun abs ((x Int)) Int 1)
)
",
c8d7feb6-1aa8-4ff9-83c0-0c63587c7355,2024-08-04T18:42:02.220493,cvc5,--tlimit=30000 --sygus-enum=smart --sygus-fair=none,problems/debugging/absolute.sl,0,0.021291494369506836,"(
(define-fun abs ((x Int)) Int 1)
)
",
c8d7feb6-1aa8-4ff9-83c0-0c63587c7355,2024-08-04T18:42:02.220493,cvc5,--tlimit=30000 --sygus-enum=smart,problems/debugging/four.sl,1,0.011580467224121094,,"(error ""Parse Error: problems/debugging/four.sl:4.16: Expected a RPAREN_TOK, got `(` (LPAREN_TOK)."")
"
c8d7feb6-1aa8-4ff9-83c0-0c63587c7355,2024-08-04T18:42:02.220493,cvc5,--tlimit=30000 --sygus-enum=random,problems/debugging/four.sl,1,0.011417627334594727,,"(error ""Parse Error: problems/debugging/four.sl:4.16: Expected a RPAREN_TOK, got `(` (LPAREN_TOK)."")
"
c8d7feb6-1aa8-4ff9-83c0-0c63587c7355,2024-08-04T18:42:02.220493,cvc5,--tlimit=30000 --sygus-enum=fast,problems/debugging/four.sl,1,0.005798816680908203,,"(error ""Parse Error: problems/debugging/four.sl:4.16: Expected a RPAREN_TOK, got `(` (LPAREN_TOK)."")
"
c8d7feb6-1aa8-4ff9-83c0-0c63587c7355,2024-08-04T18:42:02.220493,cvc5,--tlimit=30000 --sygus-enum=var-agnostic,problems/debugging/four.sl,1,0.006427288055419922,,"(error ""Parse Error: problems/debugging/four.sl:4.16: Expected a RPAREN_TOK, got `(` (LPAREN_TOK)."")
"
c8d7feb6-1aa8-4ff9-83c0-0c63587c7355,2024-08-04T18:42:02.220493,cvc5,--tlimit=30000 --sygus-enum=smart --sygus-si=none,problems/debugging/four.sl,1,0.009253740310668945,,"(error ""Parse Error: problems/debugging/four.sl:4.16: Expected a RPAREN_TOK, got `(` (LPAREN_TOK)."")
"
c8d7feb6-1aa8-4ff9-83c0-0c63587c7355,2024-08-04T18:42:02.220493,cvc5,--tlimit=30000 --sygus-enum=smart --sygus-si=use,problems/debugging/four.sl,1,0.01175832748413086,,"(error ""Parse Error: problems/debugging/four.sl:4.16: Expected a RPAREN_TOK, got `(` (LPAREN_TOK)."")
"
c8d7feb6-1aa8-4ff9-83c0-0c63587c7355,2024-08-04T18:42:02.220493,cvc5,--tlimit=30000 --sygus-enum=smart --sygus-si=all,problems/debugging/four.sl,1,0.007657527923583984,,"(error ""Parse Error: problems/debugging/four.sl:4.16: Expected a RPAREN_TOK, got `(` (LPAREN_TOK)."")
"
c8d7feb6-1aa8-4ff9-83c0-0c63587c7355,2024-08-04T18:42:02.220493,cvc5,--tlimit=30000 --sygus-enum=smart --sygus-rr-synth-input,problems/debugging/four.sl,1,0.00423431396484375,,"(error ""Error in option parsing: Argument 'problems/debugging/four.sl' for int64_t option sygus-rr-synth-input-nvars did not parse as int64_t"")

Please use --help to get help on command-line options.
"
c8d7feb6-1aa8-4ff9-83c0-0c63587c7355,2024-08-04T18:42:02.220493,cvc5,--tlimit=30000 --sygus-enum=smart --sygus-abort-size=10,problems/debugging/four.sl,1,0.00863957405090332,,"(error ""Parse Error: problems/debugging/four.sl:4.16: Expected a RPAREN_TOK, got `(` (LPAREN_TOK)."")
"
c8d7feb6-1aa8-4ff9-83c0-0c63587c7355,2024-08-04T18:42:02.220493,cvc5,--tlimit=30000 --sygus-enum=smart --sygus-abort-size=20,problems/debugging/four.sl,1,0.013077020645141602,,"(error ""Parse Error: problems/debugging/four.sl:4.16: Expected a RPAREN_TOK, got `(` (LPAREN_TOK)."")
"
c8d7feb6-1aa8-4ff9-83c0-0c63587c7355,2024-08-04T18:42:02.220493,cvc5,--tlimit=30000 --sygus-enum=smart --sygus-grammar-cons=simple,problems/debugging/four.sl,1,0.014197587966918945,,"(error ""Parse Error: problems/debugging/four.sl:4.16: Expected a RPAREN_TOK, got `(` (LPAREN_TOK)."")
"
c8d7feb6-1aa8-4ff9-83c0-0c63587c7355,2024-08-04T18:42:02.220493,cvc5,--tlimit=30000 --sygus-enum=smart --sygus-grammar-cons=any-term,problems/debugging/four.sl,1,0.013400077819824219,,"(error ""Parse Error: problems/debugging/four.sl:4.16: Expected a RPAREN_TOK, got `(` (LPAREN_TOK)."")
"
c8d7feb6-1aa8-4ff9-83c0-0c63587c7355,2024-08-04T18:42:02.220493,cvc5,--tlimit=30000 --sygus-enum=smart --sygus-fair=direct,problems/debugging/four.sl,1,0.015141963958740234,,"(error ""Parse Error: problems/debugging/four.sl:4.16: Expected a RPAREN_TOK, got `(` (LPAREN_TOK)."")
"
c8d7feb6-1aa8-4ff9-83c0-0c63587c7355,2024-08-04T18:42:02.220493,cvc5,--tlimit=30000 --sygus-enum=smart --sygus-fair=dt-size-bound,problems/debugging/four.sl,1,0.014432907104492188,,"(error ""Parse Error: problems/debugging/four.sl:4.16: Expected a RPAREN_TOK, got `(` (LPAREN_TOK)."")
"
c8d7feb6-1aa8-4ff9-83c0-0c63587c7355,2024-08-04T18:42:02.220493,cvc5,--tlimit=30000 --sygus-enum=smart --sygus-fair=none,problems/debugging/four.sl,1,0.012375116348266602,,"(error ""Parse Error: problems/debugging/four.sl:4.16: Expected a RPAREN_TOK, got `(` (LPAREN_TOK)."")
"
c8d7feb6-1aa8-4ff9-83c0-0c63587c7355,2024-08-04T18:42:02.220493,cvc5,--tlimit=30000 --sygus-enum=smart,problems/debugging/large.sl,-6,30.59306764602661,,"cvc5 interrupted by timeout.
"
c8d7feb6-1aa8-4ff9-83c0-0c63587c7355,2024-08-04T18:42:02.220493,cvc5,--tlimit=30000 --sygus-enum=random,problems/debugging/large.sl,-6,30.47033667564392,,"cvc5 interrupted by timeout.
"
c8d7feb6-1aa8-4ff9-83c0-0c63587c7355,2024-08-04T18:42:02.220493,cvc5,--tlimit=30000 --sygus-enum=fast,problems/debugging/large.sl,-6,32.132116079330444,,"cvc5 interrupted by timeout.
"
c8d7feb6-1aa8-4ff9-83c0-0c63587c7355,2024-08-04T18:42:02.220493,cvc5,--tlimit=30000 --sygus-enum=var-agnostic,problems/debugging/large.sl,-6,30.508008003234863,,"cvc5 interrupted by timeout.
"
c8d7feb6-1aa8-4ff9-83c0-0c63587c7355,2024-08-04T18:42:02.220493,cvc5,--tlimit=30000 --sygus-enum=smart --sygus-si=none,problems/debugging/large.sl,-6,30.579190969467163,,"cvc5 interrupted by timeout.
"
c8d7feb6-1aa8-4ff9-83c0-0c63587c7355,2024-08-04T18:42:02.220493,cvc5,--tlimit=30000 --sygus-enum=smart --sygus-si=use,problems/debugging/large.sl,-6,30.542262315750122,,"cvc5 interrupted by timeout.
"
c8d7feb6-1aa8-4ff9-83c0-0c63587c7355,2024-08-04T18:42:02.220493,cvc5,--tlimit=30000 --sygus-enum=smart --sygus-si=all,problems/debugging/large.sl,-6,30.551076889038086,,"cvc5 interrupted by timeout.
"
c8d7feb6-1aa8-4ff9-83c0-0c63587c7355,2024-08-04T18:42:02.220493,cvc5,--tlimit=30000 --sygus-enum=smart --sygus-rr-synth-input,problems/debugging/large.sl,1,0.0034880638122558594,,"(error ""Error in option parsing: Argument 'problems/debugging/large.sl' for int64_t option sygus-rr-synth-input-nvars did not parse as int64_t"")

Please use --help to get help on command-line options.
"
c8d7feb6-1aa8-4ff9-83c0-0c63587c7355,2024-08-04T18:42:02.220493,cvc5,--tlimit=30000 --sygus-enum=smart --sygus-abort-size=10,problems/debugging/large.sl,-6,30.571770191192627,,"cvc5 interrupted by timeout.
"
c8d7feb6-1aa8-4ff9-83c0-0c63587c7355,2024-08-04T18:42:02.220493,cvc5,--tlimit=30000 --sygus-enum=smart --sygus-abort-size=20,problems/debugging/large.sl,-6,30.557698965072632,,"cvc5 interrupted by timeout.
"
c8d7feb6-1aa8-4ff9-83c0-0c63587c7355,2024-08-04T18:42:02.220493,cvc5,--tlimit=30000 --sygus-enum=smart --sygus-grammar-cons=simple,problems/debugging/large.sl,-6,30.574156761169434,,"cvc5 interrupted by timeout.
"
c8d7feb6-1aa8-4ff9-83c0-0c63587c7355,2024-08-04T18:42:02.220493,cvc5,--tlimit=30000 --sygus-enum=smart --sygus-grammar-cons=any-term,problems/debugging/large.sl,-6,30.526793956756592,,"cvc5 interrupted by timeout.
"
c8d7feb6-1aa8-4ff9-83c0-0c63587c7355,2024-08-04T18:42:02.220493,cvc5,--tlimit=30000 --sygus-enum=smart --sygus-fair=direct,problems/debugging/large.sl,-6,30.57215189933777,,"cvc5 interrupted by timeout.
"
c8d7feb6-1aa8-4ff9-83c0-0c63587c7355,2024-08-04T18:42:02.220493,cvc5,--tlimit=30000 --sygus-enum=smart --sygus-fair=dt-size-bound,problems/debugging/large.sl,0,0.007721662521362305,"fail
",
c8d7feb6-1aa8-4ff9-83c0-0c63587c7355,2024-08-04T18:42:02.220493,cvc5,--tlimit=30000 --sygus-enum=smart --sygus-fair=none,problems/debugging/large.sl,0,0.008206844329833984,"fail
",
c8d7feb6-1aa8-4ff9-83c0-0c63587c7355,2024-08-04T18:42:02.220493,cvc5,--tlimit=30000 --sygus-enum=smart,problems/debugging/loop.sl,1,0.004732370376586914,,"(error ""Parse Error: problems/debugging/loop.sl:4.13: Expected a RPAREN_TOK, got `(` (LPAREN_TOK)."")
"
c8d7feb6-1aa8-4ff9-83c0-0c63587c7355,2024-08-04T18:42:02.220493,cvc5,--tlimit=30000 --sygus-enum=random,problems/debugging/loop.sl,1,0.004436492919921875,,"(error ""Parse Error: problems/debugging/loop.sl:4.13: Expected a RPAREN_TOK, got `(` (LPAREN_TOK)."")
"
c8d7feb6-1aa8-4ff9-83c0-0c63587c7355,2024-08-04T18:42:02.220493,cvc5,--tlimit=30000 --sygus-enum=fast,problems/debugging/loop.sl,1,0.006325244903564453,,"(error ""Parse Error: problems/debugging/loop.sl:4.13: Expected a RPAREN_TOK, got `(` (LPAREN_TOK)."")
"
c8d7feb6-1aa8-4ff9-83c0-0c63587c7355,2024-08-04T18:42:02.220493,cvc5,--tlimit=30000 --sygus-enum=var-agnostic,problems/debugging/loop.sl,1,0.007197141647338867,,"(error ""Parse Error: problems/debugging/loop.sl:4.13: Expected a RPAREN_TOK, got `(` (LPAREN_TOK)."")
"
c8d7feb6-1aa8-4ff9-83c0-0c63587c7355,2024-08-04T18:42:02.220493,cvc5,--tlimit=30000 --sygus-enum=smart --sygus-si=none,problems/debugging/loop.sl,1,0.00830388069152832,,"(error ""Parse Error: problems/debugging/loop.sl:4.13: Expected a RPAREN_TOK, got `(` (LPAREN_TOK)."")
"
c8d7feb6-1aa8-4ff9-83c0-0c63587c7355,2024-08-04T18:42:02.220493,cvc5,--tlimit=30000 --sygus-enum=smart --sygus-si=use,problems/debugging/loop.sl,1,0.009555339813232422,,"(error ""Parse Error: problems/debugging/loop.sl:4.13: Expected a RPAREN_TOK, got `(` (LPAREN_TOK)."")
"
c8d7feb6-1aa8-4ff9-83c0-0c63587c7355,2024-08-04T18:42:02.220493,cvc5,--tlimit=30000 --sygus-enum=smart --sygus-si=all,problems/debugging/loop.sl,1,0.01578831672668457,,"(error ""Parse Error: problems/debugging/loop.sl:4.13: Expected a RPAREN_TOK, got `(` (LPAREN_TOK)."")
"
c8d7feb6-1aa8-4ff9-83c0-0c63587c7355,2024-08-04T18:42:02.220493,cvc5,--tlimit=30000 --sygus-enum=smart --sygus-rr-synth-input,problems/debugging/loop.sl,1,0.011464595794677734,,"(error ""Error in option parsing: Argument 'problems/debugging/loop.sl' for int64_t option sygus-rr-synth-input-nvars did not parse as int64_t"")

Please use --help to get help on command-line options.
"
c8d7feb6-1aa8-4ff9-83c0-0c63587c7355,2024-08-04T18:42:02.220493,cvc5,--tlimit=30000 --sygus-enum=smart --sygus-abort-size=10,problems/debugging/loop.sl,1,0.018707275390625,,"(error ""Parse Error: problems/debugging/loop.sl:4.13: Expected a RPAREN_TOK, got `(` (LPAREN_TOK)."")
"
c8d7feb6-1aa8-4ff9-83c0-0c63587c7355,2024-08-04T18:42:02.220493,cvc5,--tlimit=30000 --sygus-enum=smart --sygus-abort-size=20,problems/debugging/loop.sl,1,0.017817974090576172,,"(error ""Parse Error: problems/debugging/loop.sl:4.13: Expected a RPAREN_TOK, got `(` (LPAREN_TOK)."")
"
c8d7feb6-1aa8-4ff9-83c0-0c63587c7355,2024-08-04T18:42:02.220493,cvc5,--tlimit=30000 --sygus-enum=smart --sygus-grammar-cons=simple,problems/debugging/loop.sl,1,0.016080379486083984,,"(error ""Parse Error: problems/debugging/loop.sl:4.13: Expected a RPAREN_TOK, got `(` (LPAREN_TOK)."")
"
c8d7feb6-1aa8-4ff9-83c0-0c63587c7355,2024-08-04T18:42:02.220493,cvc5,--tlimit=30000 --sygus-enum=smart --sygus-grammar-cons=any-term,problems/debugging/loop.sl,1,0.012561798095703125,,"(error ""Parse Error: problems/debugging/loop.sl:4.13: Expected a RPAREN_TOK, got `(` (LPAREN_TOK)."")
"
c8d7feb6-1aa8-4ff9-83c0-0c63587c7355,2024-08-04T18:42:02.220493,cvc5,--tlimit=30000 --sygus-enum=smart --sygus-fair=direct,problems/debugging/loop.sl,1,0.01368570327758789,,"(error ""Parse Error: problems/debugging/loop.sl:4.13: Expected a RPAREN_TOK, got `(` (LPAREN_TOK)."")
"
c8d7feb6-1aa8-4ff9-83c0-0c63587c7355,2024-08-04T18:42:02.220493,cvc5,--tlimit=30000 --sygus-enum=smart --sygus-fair=dt-size-bound,problems/debugging/loop.sl,1,0.012057065963745117,,"(error ""Parse Error: problems/debugging/loop.sl:4.13: Expected a RPAREN_TOK, got `(` (LPAREN_TOK)."")
"
c8d7feb6-1aa8-4ff9-83c0-0c63587c7355,2024-08-04T18:42:02.220493,cvc5,--tlimit=30000 --sygus-enum=smart --sygus-fair=none,problems/debugging/loop.sl,1,0.014381647109985352,,"(error ""Parse Error: problems/debugging/loop.sl:4.13: Expected a RPAREN_TOK, got `(` (LPAREN_TOK)."")
"
c8d7feb6-1aa8-4ff9-83c0-0c63587c7355,2024-08-04T18:42:02.220493,cvc5,--tlimit=30000 --sygus-enum=smart,problems/debugging/max2ints.sl,0,0.016421794891357422,"(
(define-fun max ((x Int) (y Int)) Int (ite (and (not (= x y)) (not (>= (+ x (* (- 1) y)) 0))) y x))
)
",
c8d7feb6-1aa8-4ff9-83c0-0c63587c7355,2024-08-04T18:42:02.220493,cvc5,--tlimit=30000 --sygus-enum=random,problems/debugging/max2ints.sl,0,0.012179136276245117,"(
(define-fun max ((x Int) (y Int)) Int (ite (and (not (= x y)) (not (>= (+ x (* (- 1) y)) 0))) y x))
)
",
c8d7feb6-1aa8-4ff9-83c0-0c63587c7355,2024-08-04T18:42:02.220493,cvc5,--tlimit=30000 --sygus-enum=fast,problems/debugging/max2ints.sl,0,0.020473957061767578,"(
(define-fun max ((x Int) (y Int)) Int (ite (and (not (= x y)) (not (>= (+ x (* (- 1) y)) 0))) y x))
)
",
c8d7feb6-1aa8-4ff9-83c0-0c63587c7355,2024-08-04T18:42:02.220493,cvc5,--tlimit=30000 --sygus-enum=var-agnostic,problems/debugging/max2ints.sl,0,0.019550561904907227,"(
(define-fun max ((x Int) (y Int)) Int (ite (and (not (= x y)) (not (>= (+ x (* (- 1) y)) 0))) y x))
)
",
c8d7feb6-1aa8-4ff9-83c0-0c63587c7355,2024-08-04T18:42:02.220493,cvc5,--tlimit=30000 --sygus-enum=smart --sygus-si=none,problems/debugging/max2ints.sl,0,0.09324479103088379,"(
(define-fun max ((x Int) (y Int)) Int (ite (<= y x) x y))
)
",
c8d7feb6-1aa8-4ff9-83c0-0c63587c7355,2024-08-04T18:42:02.220493,cvc5,--tlimit=30000 --sygus-enum=smart --sygus-si=use,problems/debugging/max2ints.sl,0,0.006057262420654297,"(
(define-fun max ((x Int) (y Int)) Int (ite (and (not (= x y)) (not (>= (+ x (* (- 1) y)) 0))) y x))
)
",
c8d7feb6-1aa8-4ff9-83c0-0c63587c7355,2024-08-04T18:42:02.220493,cvc5,--tlimit=30000 --sygus-enum=smart --sygus-si=all,problems/debugging/max2ints.sl,0,0.0061283111572265625,"(
(define-fun max ((x Int) (y Int)) Int (ite (and (not (= x y)) (not (>= (+ x (* (- 1) y)) 0))) y x))
)
",
c8d7feb6-1aa8-4ff9-83c0-0c63587c7355,2024-08-04T18:42:02.220493,cvc5,--tlimit=30000 --sygus-enum=smart --sygus-rr-synth-input,problems/debugging/max2ints.sl,1,0.0025262832641601562,,"(error ""Error in option parsing: Argument 'problems/debugging/max2ints.sl' for int64_t option sygus-rr-synth-input-nvars did not parse as int64_t"")

Please use --help to get help on command-line options.
"
c8d7feb6-1aa8-4ff9-83c0-0c63587c7355,2024-08-04T18:42:02.220493,cvc5,--tlimit=30000 --sygus-enum=smart --sygus-abort-size=10,problems/debugging/max2ints.sl,0,0.006288766860961914,"(
(define-fun max ((x Int) (y Int)) Int (ite (and (not (= x y)) (not (>= (+ x (* (- 1) y)) 0))) y x))
)
",
c8d7feb6-1aa8-4ff9-83c0-0c63587c7355,2024-08-04T18:42:02.220493,cvc5,--tlimit=30000 --sygus-enum=smart --sygus-abort-size=20,problems/debugging/max2ints.sl,0,0.006829500198364258,"(
(define-fun max ((x Int) (y Int)) Int (ite (and (not (= x y)) (not (>= (+ x (* (- 1) y)) 0))) y x))
)
",
c8d7feb6-1aa8-4ff9-83c0-0c63587c7355,2024-08-04T18:42:02.220493,cvc5,--tlimit=30000 --sygus-enum=smart --sygus-grammar-cons=simple,problems/debugging/max2ints.sl,0,0.00882577896118164,"(
(define-fun max ((x Int) (y Int)) Int (ite (and (not (= x y)) (not (>= (+ x (* (- 1) y)) 0))) y x))
)
",
c8d7feb6-1aa8-4ff9-83c0-0c63587c7355,2024-08-04T18:42:02.220493,cvc5,--tlimit=30000 --sygus-enum=smart --sygus-grammar-cons=any-term,problems/debugging/max2ints.sl,0,0.012779474258422852,"(
(define-fun max ((x Int) (y Int)) Int (ite (and (not (= x y)) (not (>= (+ x (* (- 1) y)) 0))) y x))
)
",
c8d7feb6-1aa8-4ff9-83c0-0c63587c7355,2024-08-04T18:42:02.220493,cvc5,--tlimit=30000 --sygus-enum=smart --sygus-fair=direct,problems/debugging/max2ints.sl,0,0.015052556991577148,"(
(define-fun max ((x Int) (y Int)) Int (ite (and (not (= x y)) (not (>= (+ x (* (- 1) y)) 0))) y x))
)
",
c8d7feb6-1aa8-4ff9-83c0-0c63587c7355,2024-08-04T18:42:02.220493,cvc5,--tlimit=30000 --sygus-enum=smart --sygus-fair=dt-size-bound,problems/debugging/max2ints.sl,0,0.014789104461669922,"(
(define-fun max ((x Int) (y Int)) Int (ite (and (not (= x y)) (not (>= (+ x (* (- 1) y)) 0))) y x))
)
",
c8d7feb6-1aa8-4ff9-83c0-0c63587c7355,2024-08-04T18:42:02.220493,cvc5,--tlimit=30000 --sygus-enum=smart --sygus-fair=none,problems/debugging/max2ints.sl,0,0.02446603775024414,"(
(define-fun max ((x Int) (y Int)) Int (ite (and (not (= x y)) (not (>= (+ x (* (- 1) y)) 0))) y x))
)
",
c8d7feb6-1aa8-4ff9-83c0-0c63587c7355,2024-08-04T18:42:02.220493,cvc5,--tlimit=30000 --sygus-enum=smart,problems/debugging/max3.sl,0,0.030802011489868164,"(
(define-fun fn ((vr0 Int) (vr1 Int) (vr2 Int)) Int (let ((_let_1 (+ vr0 (* (- 1) vr1)))) (let ((_let_2 (* (- 1) vr2))) (ite (and (>= _let_1 0) (>= (+ vr0 _let_2) 0)) vr0 (ite (and (>= (+ vr1 _let_2) 0) (not (>= _let_1 1))) vr1 vr2)))))
)
",
c8d7feb6-1aa8-4ff9-83c0-0c63587c7355,2024-08-04T18:42:02.220493,cvc5,--tlimit=30000 --sygus-enum=random,problems/debugging/max3.sl,0,0.02393198013305664,"(
(define-fun fn ((vr0 Int) (vr1 Int) (vr2 Int)) Int (let ((_let_1 (+ vr0 (* (- 1) vr1)))) (let ((_let_2 (* (- 1) vr2))) (ite (and (>= _let_1 0) (>= (+ vr0 _let_2) 0)) vr0 (ite (and (>= (+ vr1 _let_2) 0) (not (>= _let_1 1))) vr1 vr2)))))
)
",
c8d7feb6-1aa8-4ff9-83c0-0c63587c7355,2024-08-04T18:42:02.220493,cvc5,--tlimit=30000 --sygus-enum=fast,problems/debugging/max3.sl,0,0.02292156219482422,"(
(define-fun fn ((vr0 Int) (vr1 Int) (vr2 Int)) Int (let ((_let_1 (+ vr0 (* (- 1) vr1)))) (let ((_let_2 (* (- 1) vr2))) (ite (and (>= _let_1 0) (>= (+ vr0 _let_2) 0)) vr0 (ite (and (>= (+ vr1 _let_2) 0) (not (>= _let_1 1))) vr1 vr2)))))
)
",
c8d7feb6-1aa8-4ff9-83c0-0c63587c7355,2024-08-04T18:42:02.220493,cvc5,--tlimit=30000 --sygus-enum=var-agnostic,problems/debugging/max3.sl,0,0.01744532585144043,"(
(define-fun fn ((vr0 Int) (vr1 Int) (vr2 Int)) Int (let ((_let_1 (+ vr0 (* (- 1) vr1)))) (let ((_let_2 (* (- 1) vr2))) (ite (and (>= _let_1 0) (>= (+ vr0 _let_2) 0)) vr0 (ite (and (>= (+ vr1 _let_2) 0) (not (>= _let_1 1))) vr1 vr2)))))
)
",
c8d7feb6-1aa8-4ff9-83c0-0c63587c7355,2024-08-04T18:42:02.220493,cvc5,--tlimit=30000 --sygus-enum=smart --sygus-si=none,problems/debugging/max3.sl,-6,30.547224521636963,,"cvc5 interrupted by timeout.
"
c8d7feb6-1aa8-4ff9-83c0-0c63587c7355,2024-08-04T18:42:02.220493,cvc5,--tlimit=30000 --sygus-enum=smart --sygus-si=use,problems/debugging/max3.sl,0,0.006821632385253906,"(
(define-fun fn ((vr0 Int) (vr1 Int) (vr2 Int)) Int (let ((_let_1 (+ vr0 (* (- 1) vr1)))) (let ((_let_2 (* (- 1) vr2))) (ite (and (>= _let_1 0) (>= (+ vr0 _let_2) 0)) vr0 (ite (and (>= (+ vr1 _let_2) 0) (not (>= _let_1 1))) vr1 vr2)))))
)
",
c8d7feb6-1aa8-4ff9-83c0-0c63587c7355,2024-08-04T18:42:02.220493,cvc5,--tlimit=30000 --sygus-enum=smart --sygus-si=all,problems/debugging/max3.sl,0,0.0071620941162109375,"(
(define-fun fn ((vr0 Int) (vr1 Int) (vr2 Int)) Int (let ((_let_1 (+ vr0 (* (- 1) vr1)))) (let ((_let_2 (* (- 1) vr2))) (ite (and (>= _let_1 0) (>= (+ vr0 _let_2) 0)) vr0 (ite (and (>= (+ vr1 _let_2) 0) (not (>= _let_1 1))) vr1 vr2)))))
)
",
c8d7feb6-1aa8-4ff9-83c0-0c63587c7355,2024-08-04T18:42:02.220493,cvc5,--tlimit=30000 --sygus-enum=smart --sygus-rr-synth-input,problems/debugging/max3.sl,1,0.00568699836730957,,"(error ""Error in option parsing: Argument 'problems/debugging/max3.sl' for int64_t option sygus-rr-synth-input-nvars did not parse as int64_t"")

Please use --help to get help on command-line options.
"
c8d7feb6-1aa8-4ff9-83c0-0c63587c7355,2024-08-04T18:42:02.220493,cvc5,--tlimit=30000 --sygus-enum=smart --sygus-abort-size=10,problems/debugging/max3.sl,0,0.017061233520507812,"(
(define-fun fn ((vr0 Int) (vr1 Int) (vr2 Int)) Int (let ((_let_1 (+ vr0 (* (- 1) vr1)))) (let ((_let_2 (* (- 1) vr2))) (ite (and (>= _let_1 0) (>= (+ vr0 _let_2) 0)) vr0 (ite (and (>= (+ vr1 _let_2) 0) (not (>= _let_1 1))) vr1 vr2)))))
)
",
c8d7feb6-1aa8-4ff9-83c0-0c63587c7355,2024-08-04T18:42:02.220493,cvc5,--tlimit=30000 --sygus-enum=smart --sygus-abort-size=20,problems/debugging/max3.sl,0,0.014898300170898438,"(
(define-fun fn ((vr0 Int) (vr1 Int) (vr2 Int)) Int (let ((_let_1 (+ vr0 (* (- 1) vr1)))) (let ((_let_2 (* (- 1) vr2))) (ite (and (>= _let_1 0) (>= (+ vr0 _let_2) 0)) vr0 (ite (and (>= (+ vr1 _let_2) 0) (not (>= _let_1 1))) vr1 vr2)))))
)
",
c8d7feb6-1aa8-4ff9-83c0-0c63587c7355,2024-08-04T18:42:02.220493,cvc5,--tlimit=30000 --sygus-enum=smart --sygus-grammar-cons=simple,problems/debugging/max3.sl,0,0.011377096176147461,"(
(define-fun fn ((vr0 Int) (vr1 Int) (vr2 Int)) Int (let ((_let_1 (+ vr0 (* (- 1) vr1)))) (let ((_let_2 (* (- 1) vr2))) (ite (and (>= _let_1 0) (>= (+ vr0 _let_2) 0)) vr0 (ite (and (>= (+ vr1 _let_2) 0) (not (>= _let_1 1))) vr1 vr2)))))
)
",
c8d7feb6-1aa8-4ff9-83c0-0c63587c7355,2024-08-04T18:42:02.220493,cvc5,--tlimit=30000 --sygus-enum=smart --sygus-grammar-cons=any-term,problems/debugging/max3.sl,0,0.02708268165588379,"(
(define-fun fn ((vr0 Int) (vr1 Int) (vr2 Int)) Int (let ((_let_1 (+ vr0 (* (- 1) vr1)))) (let ((_let_2 (* (- 1) vr2))) (ite (and (>= _let_1 0) (>= (+ vr0 _let_2) 0)) vr0 (ite (and (>= (+ vr1 _let_2) 0) (not (>= _let_1 1))) vr1 vr2)))))
)
",
c8d7feb6-1aa8-4ff9-83c0-0c63587c7355,2024-08-04T18:42:02.220493,cvc5,--tlimit=30000 --sygus-enum=smart --sygus-fair=direct,problems/debugging/max3.sl,0,0.013327598571777344,"(
(define-fun fn ((vr0 Int) (vr1 Int) (vr2 Int)) Int (let ((_let_1 (+ vr0 (* (- 1) vr1)))) (let ((_let_2 (* (- 1) vr2))) (ite (and (>= _let_1 0) (>= (+ vr0 _let_2) 0)) vr0 (ite (and (>= (+ vr1 _let_2) 0) (not (>= _let_1 1))) vr1 vr2)))))
)
",
c8d7feb6-1aa8-4ff9-83c0-0c63587c7355,2024-08-04T18:42:02.220493,cvc5,--tlimit=30000 --sygus-enum=smart --sygus-fair=dt-size-bound,problems/debugging/max3.sl,0,0.009783267974853516,"(
(define-fun fn ((vr0 Int) (vr1 Int) (vr2 Int)) Int (let ((_let_1 (+ vr0 (* (- 1) vr1)))) (let ((_let_2 (* (- 1) vr2))) (ite (and (>= _let_1 0) (>= (+ vr0 _let_2) 0)) vr0 (ite (and (>= (+ vr1 _let_2) 0) (not (>= _let_1 1))) vr1 vr2)))))
)
",
c8d7feb6-1aa8-4ff9-83c0-0c63587c7355,2024-08-04T18:42:02.220493,cvc5,--tlimit=30000 --sygus-enum=smart --sygus-fair=none,problems/debugging/max3.sl,0,0.009039640426635742,"(
(define-fun fn ((vr0 Int) (vr1 Int) (vr2 Int)) Int (let ((_let_1 (+ vr0 (* (- 1) vr1)))) (let ((_let_2 (* (- 1) vr2))) (ite (and (>= _let_1 0) (>= (+ vr0 _let_2) 0)) vr0 (ite (and (>= (+ vr1 _let_2) 0) (not (>= _let_1 1))) vr1 vr2)))))
)
",
c8d7feb6-1aa8-4ff9-83c0-0c63587c7355,2024-08-04T18:42:02.220493,cvc5,--tlimit=30000 --sygus-enum=smart,problems/debugging/simple.sl,0,0.0057370662689208984,"(
(define-fun f ((x Int)) Int x)
)
",
c8d7feb6-1aa8-4ff9-83c0-0c63587c7355,2024-08-04T18:42:02.220493,cvc5,--tlimit=30000 --sygus-enum=random,problems/debugging/simple.sl,0,0.005651712417602539,"(
(define-fun f ((x Int)) Int x)
)
",
c8d7feb6-1aa8-4ff9-83c0-0c63587c7355,2024-08-04T18:42:02.220493,cvc5,--tlimit=30000 --sygus-enum=fast,problems/debugging/simple.sl,0,0.004318714141845703,"(
(define-fun f ((x Int)) Int x)
)
",
c8d7feb6-1aa8-4ff9-83c0-0c63587c7355,2024-08-04T18:42:02.220493,cvc5,--tlimit=30000 --sygus-enum=var-agnostic,problems/debugging/simple.sl,0,0.006036520004272461,"(
(define-fun f ((x Int)) Int x)
)
",
c8d7feb6-1aa8-4ff9-83c0-0c63587c7355,2024-08-04T18:42:02.220493,cvc5,--tlimit=30000 --sygus-enum=smart --sygus-si=none,problems/debugging/simple.sl,0,0.016626596450805664,"(
(define-fun f ((x Int)) Int x)
)
",
c8d7feb6-1aa8-4ff9-83c0-0c63587c7355,2024-08-04T18:42:02.220493,cvc5,--tlimit=30000 --sygus-enum=smart --sygus-si=use,problems/debugging/simple.sl,0,0.013301610946655273,"(
(define-fun f ((x Int)) Int x)
)
",
c8d7feb6-1aa8-4ff9-83c0-0c63587c7355,2024-08-04T18:42:02.220493,cvc5,--tlimit=30000 --sygus-enum=smart --sygus-si=all,problems/debugging/simple.sl,0,0.01777482032775879,"(
(define-fun f ((x Int)) Int x)
)
",
c8d7feb6-1aa8-4ff9-83c0-0c63587c7355,2024-08-04T18:42:02.220493,cvc5,--tlimit=30000 --sygus-enum=smart --sygus-rr-synth-input,problems/debugging/simple.sl,1,0.01366424560546875,,"(error ""Error in option parsing: Argument 'problems/debugging/simple.sl' for int64_t option sygus-rr-synth-input-nvars did not parse as int64_t"")

Please use --help to get help on command-line options.
"
c8d7feb6-1aa8-4ff9-83c0-0c63587c7355,2024-08-04T18:42:02.220493,cvc5,--tlimit=30000 --sygus-enum=smart --sygus-abort-size=10,problems/debugging/simple.sl,0,0.020760059356689453,"(
(define-fun f ((x Int)) Int x)
)
",
c8d7feb6-1aa8-4ff9-83c0-0c63587c7355,2024-08-04T18:42:02.220493,cvc5,--tlimit=30000 --sygus-enum=smart --sygus-abort-size=20,problems/debugging/simple.sl,0,0.009787321090698242,"(
(define-fun f ((x Int)) Int x)
)
",
c8d7feb6-1aa8-4ff9-83c0-0c63587c7355,2024-08-04T18:42:02.220493,cvc5,--tlimit=30000 --sygus-enum=smart --sygus-grammar-cons=simple,problems/debugging/simple.sl,0,0.006066799163818359,"(
(define-fun f ((x Int)) Int x)
)
",
c8d7feb6-1aa8-4ff9-83c0-0c63587c7355,2024-08-04T18:42:02.220493,cvc5,--tlimit=30000 --sygus-enum=smart --sygus-grammar-cons=any-term,problems/debugging/simple.sl,0,0.004233837127685547,"(
(define-fun f ((x Int)) Int x)
)
",
c8d7feb6-1aa8-4ff9-83c0-0c63587c7355,2024-08-04T18:42:02.220493,cvc5,--tlimit=30000 --sygus-enum=smart --sygus-fair=direct,problems/debugging/simple.sl,0,0.005398988723754883,"(
(define-fun f ((x Int)) Int x)
)
",
c8d7feb6-1aa8-4ff9-83c0-0c63587c7355,2024-08-04T18:42:02.220493,cvc5,--tlimit=30000 --sygus-enum=smart --sygus-fair=dt-size-bound,problems/debugging/simple.sl,0,0.004257678985595703,"(
(define-fun f ((x Int)) Int x)
)
",
c8d7feb6-1aa8-4ff9-83c0-0c63587c7355,2024-08-04T18:42:02.220493,cvc5,--tlimit=30000 --sygus-enum=smart --sygus-fair=none,problems/debugging/simple.sl,0,0.005160331726074219,"(
(define-fun f ((x Int)) Int x)
)
",
c8d7feb6-1aa8-4ff9-83c0-0c63587c7355,2024-08-04T18:42:02.220493,cvc5,--tlimit=30000 --sygus-enum=smart,problems/debugging/small.sl,0,0.08707118034362793,"(
(define-fun f ((a Int) (b Int)) Int (ite (<= b a) a b))
)
",
c8d7feb6-1aa8-4ff9-83c0-0c63587c7355,2024-08-04T18:42:02.220493,cvc5,--tlimit=30000 --sygus-enum=random,problems/debugging/small.sl,0,0.1263868808746338,"(
(define-fun f ((a Int) (b Int)) Int (ite (<= b a) a b))
)
",
c8d7feb6-1aa8-4ff9-83c0-0c63587c7355,2024-08-04T18:42:02.220493,cvc5,--tlimit=30000 --sygus-enum=fast,problems/debugging/small.sl,0,0.013181924819946289,"(
(define-fun f ((a Int) (b Int)) Int (ite (<= a b) b a))
)
",
c8d7feb6-1aa8-4ff9-83c0-0c63587c7355,2024-08-04T18:42:02.220493,cvc5,--tlimit=30000 --sygus-enum=var-agnostic,problems/debugging/small.sl,0,0.08163142204284668,"(
(define-fun f ((a Int) (b Int)) Int (ite (<= a b) b a))
)
",
c8d7feb6-1aa8-4ff9-83c0-0c63587c7355,2024-08-04T18:42:02.220493,cvc5,--tlimit=30000 --sygus-enum=smart --sygus-si=none,problems/debugging/small.sl,0,0.08551645278930664,"(
(define-fun f ((a Int) (b Int)) Int (ite (<= b a) a b))
)
",
c8d7feb6-1aa8-4ff9-83c0-0c63587c7355,2024-08-04T18:42:02.220493,cvc5,--tlimit=30000 --sygus-enum=smart --sygus-si=use,problems/debugging/small.sl,0,0.08610129356384277,"(
(define-fun f ((a Int) (b Int)) Int (ite (<= b a) a b))
)
",
c8d7feb6-1aa8-4ff9-83c0-0c63587c7355,2024-08-04T18:42:02.220493,cvc5,--tlimit=30000 --sygus-enum=smart --sygus-si=all,problems/debugging/small.sl,0,0.08472347259521484,"(
(define-fun f ((a Int) (b Int)) Int (ite (<= b a) a b))
)
",
c8d7feb6-1aa8-4ff9-83c0-0c63587c7355,2024-08-04T18:42:02.220493,cvc5,--tlimit=30000 --sygus-enum=smart --sygus-rr-synth-input,problems/debugging/small.sl,1,0.0029745101928710938,,"(error ""Error in option parsing: Argument 'problems/debugging/small.sl' for int64_t option sygus-rr-synth-input-nvars did not parse as int64_t"")

Please use --help to get help on command-line options.
"
c8d7feb6-1aa8-4ff9-83c0-0c63587c7355,2024-08-04T18:42:02.220493,cvc5,--tlimit=30000 --sygus-enum=smart --sygus-abort-size=10,problems/debugging/small.sl,0,0.08686304092407227,"(
(define-fun f ((a Int) (b Int)) Int (ite (<= b a) a b))
)
",
c8d7feb6-1aa8-4ff9-83c0-0c63587c7355,2024-08-04T18:42:02.220493,cvc5,--tlimit=30000 --sygus-enum=smart --sygus-abort-size=20,problems/debugging/small.sl,0,0.08483624458312988,"(
(define-fun f ((a Int) (b Int)) Int (ite (<= b a) a b))
)
",
c8d7feb6-1aa8-4ff9-83c0-0c63587c7355,2024-08-04T18:42:02.220493,cvc5,--tlimit=30000 --sygus-enum=smart --sygus-grammar-cons=simple,problems/debugging/small.sl,0,0.08484959602355957,"(
(define-fun f ((a Int) (b Int)) Int (ite (<= b a) a b))
)
",
c8d7feb6-1aa8-4ff9-83c0-0c63587c7355,2024-08-04T18:42:02.220493,cvc5,--tlimit=30000 --sygus-enum=smart --sygus-grammar-cons=any-term,problems/debugging/small.sl,-6,30.520838499069214,,"cvc5 interrupted by timeout.
"
c8d7feb6-1aa8-4ff9-83c0-0c63587c7355,2024-08-04T18:42:02.220493,cvc5,--tlimit=30000 --sygus-enum=smart --sygus-fair=direct,problems/debugging/small.sl,0,0.06447482109069824,"(
(define-fun f ((a Int) (b Int)) Int (ite (<= a b) b a))
)
",
c8d7feb6-1aa8-4ff9-83c0-0c63587c7355,2024-08-04T18:42:02.220493,cvc5,--tlimit=30000 --sygus-enum=smart --sygus-fair=dt-size-bound,problems/debugging/small.sl,0,0.008530378341674805,"fail
",
c8d7feb6-1aa8-4ff9-83c0-0c63587c7355,2024-08-04T18:42:02.220493,cvc5,--tlimit=30000 --sygus-enum=smart --sygus-fair=none,problems/debugging/small.sl,0,0.010710954666137695,"fail
",
c8d7feb6-1aa8-4ff9-83c0-0c63587c7355,2024-08-04T18:42:02.220493,cvc5,--tlimit=30000 --sygus-enum=smart,problems/debugging/small_2.sl,0,0.006623744964599609,"(
(define-fun max2 ((a Int) (b Int)) Int (ite (>= (+ a (* (- 1) b)) 0) a b))
)
",
c8d7feb6-1aa8-4ff9-83c0-0c63587c7355,2024-08-04T18:42:02.220493,cvc5,--tlimit=30000 --sygus-enum=random,problems/debugging/small_2.sl,0,0.008810758590698242,"(
(define-fun max2 ((a Int) (b Int)) Int (ite (>= (+ a (* (- 1) b)) 0) a b))
)
",
c8d7feb6-1aa8-4ff9-83c0-0c63587c7355,2024-08-04T18:42:02.220493,cvc5,--tlimit=30000 --sygus-enum=fast,problems/debugging/small_2.sl,0,0.006356477737426758,"(
(define-fun max2 ((a Int) (b Int)) Int (ite (>= (+ a (* (- 1) b)) 0) a b))
)
",
c8d7feb6-1aa8-4ff9-83c0-0c63587c7355,2024-08-04T18:42:02.220493,cvc5,--tlimit=30000 --sygus-enum=var-agnostic,problems/debugging/small_2.sl,0,0.00561070442199707,"(
(define-fun max2 ((a Int) (b Int)) Int (ite (>= (+ a (* (- 1) b)) 0) a b))
)
",
c8d7feb6-1aa8-4ff9-83c0-0c63587c7355,2024-08-04T18:42:02.220493,cvc5,--tlimit=30000 --sygus-enum=smart --sygus-si=none,problems/debugging/small_2.sl,0,0.05643892288208008,"(
(define-fun max2 ((a Int) (b Int)) Int (ite (<= a b) b a))
)
",
c8d7feb6-1aa8-4ff9-83c0-0c63587c7355,2024-08-04T18:42:02.220493,cvc5,--tlimit=30000 --sygus-enum=smart --sygus-si=use,problems/debugging/small_2.sl,0,0.006345033645629883,"(
(define-fun max2 ((a Int) (b Int)) Int (ite (>= (+ a (* (- 1) b)) 0) a b))
)
",
c8d7feb6-1aa8-4ff9-83c0-0c63587c7355,2024-08-04T18:42:02.220493,cvc5,--tlimit=30000 --sygus-enum=smart --sygus-si=all,problems/debugging/small_2.sl,0,0.0071222782135009766,"(
(define-fun max2 ((a Int) (b Int)) Int (ite (>= (+ a (* (- 1) b)) 0) a b))
)
",
c8d7feb6-1aa8-4ff9-83c0-0c63587c7355,2024-08-04T18:42:02.220493,cvc5,--tlimit=30000 --sygus-enum=smart --sygus-rr-synth-input,problems/debugging/small_2.sl,1,0.002918243408203125,,"(error ""Error in option parsing: Argument 'problems/debugging/small_2.sl' for int64_t option sygus-rr-synth-input-nvars did not parse as int64_t"")

Please use --help to get help on command-line options.
"
c8d7feb6-1aa8-4ff9-83c0-0c63587c7355,2024-08-04T18:42:02.220493,cvc5,--tlimit=30000 --sygus-enum=smart --sygus-abort-size=10,problems/debugging/small_2.sl,0,0.006412506103515625,"(
(define-fun max2 ((a Int) (b Int)) Int (ite (>= (+ a (* (- 1) b)) 0) a b))
)
",
c8d7feb6-1aa8-4ff9-83c0-0c63587c7355,2024-08-04T18:42:02.220493,cvc5,--tlimit=30000 --sygus-enum=smart --sygus-abort-size=20,problems/debugging/small_2.sl,0,0.0070858001708984375,"(
(define-fun max2 ((a Int) (b Int)) Int (ite (>= (+ a (* (- 1) b)) 0) a b))
)
",
c8d7feb6-1aa8-4ff9-83c0-0c63587c7355,2024-08-04T18:42:02.220493,cvc5,--tlimit=30000 --sygus-enum=smart --sygus-grammar-cons=simple,problems/debugging/small_2.sl,0,0.008293390274047852,"(
(define-fun max2 ((a Int) (b Int)) Int (ite (>= (+ a (* (- 1) b)) 0) a b))
)
",
c8d7feb6-1aa8-4ff9-83c0-0c63587c7355,2024-08-04T18:42:02.220493,cvc5,--tlimit=30000 --sygus-enum=smart --sygus-grammar-cons=any-term,problems/debugging/small_2.sl,0,0.007020235061645508,"(
(define-fun max2 ((a Int) (b Int)) Int (ite (>= (+ a (* (- 1) b)) 0) a b))
)
",
c8d7feb6-1aa8-4ff9-83c0-0c63587c7355,2024-08-04T18:42:02.220493,cvc5,--tlimit=30000 --sygus-enum=smart --sygus-fair=direct,problems/debugging/small_2.sl,0,0.005377531051635742,"(
(define-fun max2 ((a Int) (b Int)) Int (ite (>= (+ a (* (- 1) b)) 0) a b))
)
",
c8d7feb6-1aa8-4ff9-83c0-0c63587c7355,2024-08-04T18:42:02.220493,cvc5,--tlimit=30000 --sygus-enum=smart --sygus-fair=dt-size-bound,problems/debugging/small_2.sl,0,0.005410671234130859,"(
(define-fun max2 ((a Int) (b Int)) Int (ite (>= (+ a (* (- 1) b)) 0) a b))
)
",
c8d7feb6-1aa8-4ff9-83c0-0c63587c7355,2024-08-04T18:42:02.220493,cvc5,--tlimit=30000 --sygus-enum=smart --sygus-fair=none,problems/debugging/small_2.sl,0,0.007323503494262695,"(
(define-fun max2 ((a Int) (b Int)) Int (ite (>= (+ a (* (- 1) b)) 0) a b))
)
",
c8d7feb6-1aa8-4ff9-83c0-0c63587c7355,2024-08-04T18:42:02.220493,cvc5,--tlimit=30000 --sygus-enum=smart,problems/debugging/small_3.sl,0,0.006993293762207031,"(
(define-fun max2 ((a Int) (b Int)) Int (ite (>= (+ a (* (- 1) b)) 0) a b))
)
",
c8d7feb6-1aa8-4ff9-83c0-0c63587c7355,2024-08-04T18:42:02.220493,cvc5,--tlimit=30000 --sygus-enum=random,problems/debugging/small_3.sl,0,0.006412506103515625,"(
(define-fun max2 ((a Int) (b Int)) Int (ite (>= (+ a (* (- 1) b)) 0) a b))
)
",
c8d7feb6-1aa8-4ff9-83c0-0c63587c7355,2024-08-04T18:42:02.220493,cvc5,--tlimit=30000 --sygus-enum=fast,problems/debugging/small_3.sl,0,0.0070879459381103516,"(
(define-fun max2 ((a Int) (b Int)) Int (ite (>= (+ a (* (- 1) b)) 0) a b))
)
",
c8d7feb6-1aa8-4ff9-83c0-0c63587c7355,2024-08-04T18:42:02.220493,cvc5,--tlimit=30000 --sygus-enum=var-agnostic,problems/debugging/small_3.sl,0,0.006135225296020508,"(
(define-fun max2 ((a Int) (b Int)) Int (ite (>= (+ a (* (- 1) b)) 0) a b))
)
",
c8d7feb6-1aa8-4ff9-83c0-0c63587c7355,2024-08-04T18:42:02.220493,cvc5,--tlimit=30000 --sygus-enum=smart --sygus-si=none,problems/debugging/small_3.sl,0,0.10230040550231934,"(
(define-fun max2 ((a Int) (b Int)) Int (ite (<= b a) a b))
)
",
c8d7feb6-1aa8-4ff9-83c0-0c63587c7355,2024-08-04T18:42:02.220493,cvc5,--tlimit=30000 --sygus-enum=smart --sygus-si=use,problems/debugging/small_3.sl,0,0.008398056030273438,"(
(define-fun max2 ((a Int) (b Int)) Int (ite (>= (+ a (* (- 1) b)) 0) a b))
)
",
c8d7feb6-1aa8-4ff9-83c0-0c63587c7355,2024-08-04T18:42:02.220493,cvc5,--tlimit=30000 --sygus-enum=smart --sygus-si=all,problems/debugging/small_3.sl,0,0.007019758224487305,"(
(define-fun max2 ((a Int) (b Int)) Int (ite (>= (+ a (* (- 1) b)) 0) a b))
)
",
c8d7feb6-1aa8-4ff9-83c0-0c63587c7355,2024-08-04T18:42:02.220493,cvc5,--tlimit=30000 --sygus-enum=smart --sygus-rr-synth-input,problems/debugging/small_3.sl,1,0.0026047229766845703,,"(error ""Error in option parsing: Argument 'problems/debugging/small_3.sl' for int64_t option sygus-rr-synth-input-nvars did not parse as int64_t"")

Please use --help to get help on command-line options.
"
c8d7feb6-1aa8-4ff9-83c0-0c63587c7355,2024-08-04T18:42:02.220493,cvc5,--tlimit=30000 --sygus-enum=smart --sygus-abort-size=10,problems/debugging/small_3.sl,0,0.0074596405029296875,"(
(define-fun max2 ((a Int) (b Int)) Int (ite (>= (+ a (* (- 1) b)) 0) a b))
)
",
c8d7feb6-1aa8-4ff9-83c0-0c63587c7355,2024-08-04T18:42:02.220493,cvc5,--tlimit=30000 --sygus-enum=smart --sygus-abort-size=20,problems/debugging/small_3.sl,0,0.008893489837646484,"(
(define-fun max2 ((a Int) (b Int)) Int (ite (>= (+ a (* (- 1) b)) 0) a b))
)
",
c8d7feb6-1aa8-4ff9-83c0-0c63587c7355,2024-08-04T18:42:02.220493,cvc5,--tlimit=30000 --sygus-enum=smart --sygus-grammar-cons=simple,problems/debugging/small_3.sl,0,0.009473085403442383,"(
(define-fun max2 ((a Int) (b Int)) Int (ite (>= (+ a (* (- 1) b)) 0) a b))
)
",
c8d7feb6-1aa8-4ff9-83c0-0c63587c7355,2024-08-04T18:42:02.220493,cvc5,--tlimit=30000 --sygus-enum=smart --sygus-grammar-cons=any-term,problems/debugging/small_3.sl,0,0.011480093002319336,"(
(define-fun max2 ((a Int) (b Int)) Int (ite (>= (+ a (* (- 1) b)) 0) a b))
)
",
c8d7feb6-1aa8-4ff9-83c0-0c63587c7355,2024-08-04T18:42:02.220493,cvc5,--tlimit=30000 --sygus-enum=smart --sygus-fair=direct,problems/debugging/small_3.sl,0,0.011586189270019531,"(
(define-fun max2 ((a Int) (b Int)) Int (ite (>= (+ a (* (- 1) b)) 0) a b))
)
",
c8d7feb6-1aa8-4ff9-83c0-0c63587c7355,2024-08-04T18:42:02.220493,cvc5,--tlimit=30000 --sygus-enum=smart --sygus-fair=dt-size-bound,problems/debugging/small_3.sl,0,0.013575553894042969,"(
(define-fun max2 ((a Int) (b Int)) Int (ite (>= (+ a (* (- 1) b)) 0) a b))
)
",
c8d7feb6-1aa8-4ff9-83c0-0c63587c7355,2024-08-04T18:42:02.220493,cvc5,--tlimit=30000 --sygus-enum=smart --sygus-fair=none,problems/debugging/small_3.sl,0,0.010371685028076172,"(
(define-fun max2 ((a Int) (b Int)) Int (ite (>= (+ a (* (- 1) b)) 0) a b))
)
",
c8d7feb6-1aa8-4ff9-83c0-0c63587c7355,2024-08-04T18:42:02.220493,cvc5,--tlimit=30000 --sygus-enum=smart,problems/debugging/small_4.sl,0,0.009101390838623047,"(
(define-fun max2 ((a Int) (b Int)) Int (ite (>= (+ a (* (- 1) b)) 0) a b))
)
",
c8d7feb6-1aa8-4ff9-83c0-0c63587c7355,2024-08-04T18:42:02.220493,cvc5,--tlimit=30000 --sygus-enum=random,problems/debugging/small_4.sl,0,0.011234521865844727,"(
(define-fun max2 ((a Int) (b Int)) Int (ite (>= (+ a (* (- 1) b)) 0) a b))
)
",
c8d7feb6-1aa8-4ff9-83c0-0c63587c7355,2024-08-04T18:42:02.220493,cvc5,--tlimit=30000 --sygus-enum=fast,problems/debugging/small_4.sl,0,0.01916193962097168,"(
(define-fun max2 ((a Int) (b Int)) Int (ite (>= (+ a (* (- 1) b)) 0) a b))
)
",
c8d7feb6-1aa8-4ff9-83c0-0c63587c7355,2024-08-04T18:42:02.220493,cvc5,--tlimit=30000 --sygus-enum=var-agnostic,problems/debugging/small_4.sl,0,0.023768901824951172,"(
(define-fun max2 ((a Int) (b Int)) Int (ite (>= (+ a (* (- 1) b)) 0) a b))
)
",
c8d7feb6-1aa8-4ff9-83c0-0c63587c7355,2024-08-04T18:42:02.220493,cvc5,--tlimit=30000 --sygus-enum=smart --sygus-si=none,problems/debugging/small_4.sl,0,0.1813983917236328,"(
(define-fun max2 ((a Int) (b Int)) Int (ite (<= b a) a b))
)
",
c8d7feb6-1aa8-4ff9-83c0-0c63587c7355,2024-08-04T18:42:02.220493,cvc5,--tlimit=30000 --sygus-enum=smart --sygus-si=use,problems/debugging/small_4.sl,0,0.0068666934967041016,"(
(define-fun max2 ((a Int) (b Int)) Int (ite (>= (+ a (* (- 1) b)) 0) a b))
)
",
c8d7feb6-1aa8-4ff9-83c0-0c63587c7355,2024-08-04T18:42:02.220493,cvc5,--tlimit=30000 --sygus-enum=smart --sygus-si=all,problems/debugging/small_4.sl,0,0.00591731071472168,"(
(define-fun max2 ((a Int) (b Int)) Int (ite (>= (+ a (* (- 1) b)) 0) a b))
)
",
c8d7feb6-1aa8-4ff9-83c0-0c63587c7355,2024-08-04T18:42:02.220493,cvc5,--tlimit=30000 --sygus-enum=smart --sygus-rr-synth-input,problems/debugging/small_4.sl,1,0.0034477710723876953,,"(error ""Error in option parsing: Argument 'problems/debugging/small_4.sl' for int64_t option sygus-rr-synth-input-nvars did not parse as int64_t"")

Please use --help to get help on command-line options.
"
c8d7feb6-1aa8-4ff9-83c0-0c63587c7355,2024-08-04T18:42:02.220493,cvc5,--tlimit=30000 --sygus-enum=smart --sygus-abort-size=10,problems/debugging/small_4.sl,0,0.006920814514160156,"(
(define-fun max2 ((a Int) (b Int)) Int (ite (>= (+ a (* (- 1) b)) 0) a b))
)
",
c8d7feb6-1aa8-4ff9-83c0-0c63587c7355,2024-08-04T18:42:02.220493,cvc5,--tlimit=30000 --sygus-enum=smart --sygus-abort-size=20,problems/debugging/small_4.sl,0,0.011083841323852539,"(
(define-fun max2 ((a Int) (b Int)) Int (ite (>= (+ a (* (- 1) b)) 0) a b))
)
",
c8d7feb6-1aa8-4ff9-83c0-0c63587c7355,2024-08-04T18:42:02.220493,cvc5,--tlimit=30000 --sygus-enum=smart --sygus-grammar-cons=simple,problems/debugging/small_4.sl,0,0.007436513900756836,"(
(define-fun max2 ((a Int) (b Int)) Int (ite (>= (+ a (* (- 1) b)) 0) a b))
)
",
c8d7feb6-1aa8-4ff9-83c0-0c63587c7355,2024-08-04T18:42:02.220493,cvc5,--tlimit=30000 --sygus-enum=smart --sygus-grammar-cons=any-term,problems/debugging/small_4.sl,0,0.008316755294799805,"(
(define-fun max2 ((a Int) (b Int)) Int (ite (>= (+ a (* (- 1) b)) 0) a b))
)
",
c8d7feb6-1aa8-4ff9-83c0-0c63587c7355,2024-08-04T18:42:02.220493,cvc5,--tlimit=30000 --sygus-enum=smart --sygus-fair=direct,problems/debugging/small_4.sl,0,0.01787424087524414,"(
(define-fun max2 ((a Int) (b Int)) Int (ite (>= (+ a (* (- 1) b)) 0) a b))
)
",
c8d7feb6-1aa8-4ff9-83c0-0c63587c7355,2024-08-04T18:42:02.220493,cvc5,--tlimit=30000 --sygus-enum=smart --sygus-fair=dt-size-bound,problems/debugging/small_4.sl,0,0.01970648765563965,"(
(define-fun max2 ((a Int) (b Int)) Int (ite (>= (+ a (* (- 1) b)) 0) a b))
)
",
c8d7feb6-1aa8-4ff9-83c0-0c63587c7355,2024-08-04T18:42:02.220493,cvc5,--tlimit=30000 --sygus-enum=smart --sygus-fair=none,problems/debugging/small_4.sl,0,0.00825953483581543,"(
(define-fun max2 ((a Int) (b Int)) Int (ite (>= (+ a (* (- 1) b)) 0) a b))
)
",
